Title,Country,Date,Time,Impact,Forecast,Previous,URL
FOMC Member Hammack Speaks,USD,12-21-2025,11:00am,Low,,,https://www.forexfactory.com/calendar/913-us-fomc-member-hammack-speaks
1-y Loan Prime Rate,CNY,12-22-2025,1:00am,Low,3.00%,3.00%,https://www.forexfactory.com/calendar/777-ch-1-y-loan-prime-rate
5-y Loan Prime Rate,CNY,12-22-2025,1:00am,Low,3.50%,3.50%,https://www.forexfactory.com/calendar/898-ch-5-y-loan-prime-rate
Current Account,GBP,12-22-2025,7:00am,Low,-19.1B,-28.9B,https://www.forexfactory.com/calendar/197-uk-current-account
Final GDP q/q,GBP,12-22-2025,7:00am,Low,0.1%,0.1%,https://www.forexfactory.com/calendar/35-uk-final-gdp-qq
Revised Business Investment q/q,GBP,12-22-2025,7:00am,Low,-0.3%,-0.3%,https://www.forexfactory.com/calendar/187-uk-revised-business-investment-qq
IPPI m/m,CAD,12-22-2025,1:30pm,Low,0.3%,1.5%,https://www.forexfactory.com/calendar/90-ca-ippi-mm
RMPI m/m,CAD,12-22-2025,1:30pm,Low,0.6%,1.6%,https://www.forexfactory.com/calendar/91-ca-rmpi-mm
CB Leading Index m/m,CNY,12-22-2025,2:00pm,Low,,-0.8%,https://www.forexfactory.com/calendar/495-ch-cb-leading-index-mm
Monetary Policy Meeting Minutes,AUD,12-23-2025,12:30am,Low,,,https://www.forexfactory.com/calendar/307-au-monetary-policy-meeting-minutes
BOJ Core CPI y/y,JPY,12-23-2025,5:00am,Low,2.2%,2.2%,https://www.forexfactory.com/calendar/631-jn-boj-core-cpi-yy
German Import Prices m/m,EUR,12-23-2025,7:00am,Low,0.2%,0.2%,https://www.forexfactory.com/calendar/257-ge-import-prices-mm
UBS Economic Expectations,CHF,12-23-2025,9:00am,Low,,12.2,https://www.forexfactory.com/calendar/315-sz-ubs-economic-expectations
ADP Weekly Employment Change,USD,12-23-2025,1:15pm,Medium,,16.3K,https://www.forexfactory.com/calendar/929-us-adp-weekly-employment-change
GDP m/m,CAD,12-23-2025,1:30pm,High,-0.3%,0.2%,https://www.forexfactory.com/calendar/29-ca-gdp-mm
Prelim GDP q/q,USD,12-23-2025,1:30pm,High,3.3%,3.8%,https://www.forexfactory.com/calendar/27-us-prelim-gdp-qq
Core Durable Goods Orders m/m,USD,12-23-2025,1:30pm,Medium,0.3%,0.6%,https://www.forexfactory.com/calendar/350-us-core-durable-goods-orders-mm
Durable Goods Orders m/m,USD,12-23-2025,1:30pm,Medium,-1.5%,0.5%,https://www.forexfactory.com/calendar/349-us-durable-goods-orders-mm
Prelim GDP Price Index q/q,USD,12-23-2025,1:30pm,Medium,2.7%,2.1%,https://www.forexfactory.com/calendar/45-us-prelim-gdp-price-index-qq
Capacity Utilization Rate,USD,12-23-2025,2:14pm,Low,,75.9%,https://www.forexfactory.com/calendar/192-us-capacity-utilization-rate
Industrial Production m/m,USD,12-23-2025,2:14pm,Low,,0.1%,https://www.forexfactory.com/calendar/191-us-industrial-production-mm
Capacity Utilization Rate,USD,12-23-2025,2:15pm,Low,75.9%,75.9%,https://www.forexfactory.com/calendar/192-us-capacity-utilization-rate
Industrial Production m/m,USD,12-23-2025,2:15pm,Low,0.1%,-0.1%,https://www.forexfactory.com/calendar/191-us-industrial-production-mm
CB Consumer Confidence,USD,12-23-2025,3:00pm,Medium,91.7,88.7,https://www.forexfactory.com/calendar/208-us-cb-consumer-confidence
Richmond Manufacturing Index,USD,12-23-2025,3:00pm,Medium,-8,-15,https://www.forexfactory.com/calendar/186-us-richmond-manufacturing-index
BOC Summary of Deliberations,CAD,12-23-2025,6:30pm,Low,,,https://www.forexfactory.com/calendar/891-ca-boc-summary-of-deliberations
API Weekly Statistical Bulletin,USD,12-23-2025,9:30pm,Low,,,https://www.forexfactory.com/calendar/754-us-api-weekly-statistical-bulletin
Monetary Policy Meeting Minutes,JPY,12-23-2025,11:50pm,Low,,,https://www.forexfactory.com/calendar/306-jn-monetary-policy-meeting-minutes
SPPI y/y,JPY,12-23-2025,11:50pm,Low,2.7%,2.7%,https://www.forexfactory.com/calendar/176-jn-sppi-yy
German Bank Holiday,EUR,12-24-2025,7:02am,Holiday,,,https://www.forexfactory.com/calendar/391-ge-bank-holiday
Unemployment Claims,USD,12-24-2025,1:30pm,High,224K,224K,https://www.forexfactory.com/calendar/11-us-unemployment-claims
Bank Holiday,NZD,12-24-2025,8:00pm,Holiday,,,https://www.forexfactory.com/calendar/395-nz-bank-holiday
Bank Holiday,AUD,12-24-2025,9:00pm,Holiday,,,https://www.forexfactory.com/calendar/394-au-bank-holiday
BOJ Gov Ueda Speaks,JPY,12-25-2025,4:59am,Medium,,,https://www.forexfactory.com/calendar/892-jn-boj-gov-ueda-speaks
Housing Starts y/y,JPY,12-25-2025,5:00am,Low,0.2%,3.2%,https://www.forexfactory.com/calendar/228-jn-housing-starts-yy
Bank Holiday,CHF,12-25-2025,6:00am,Holiday,,,https://www.forexfactory.com/calendar/392-sz-bank-holiday
French Bank Holiday,EUR,12-25-2025,7:01am,Holiday,,,https://www.forexfactory.com/calendar/396-fr-bank-holiday
German Bank Holiday,EUR,12-25-2025,7:02am,Holiday,,,https://www.forexfactory.com/calendar/391-ge-bank-holiday
Italian Bank Holiday,EUR,12-25-2025,7:03am,Holiday,,,https://www.forexfactory.com/calendar/397-it-bank-holiday
Bank Holiday,GBP,12-25-2025,8:00am,Holiday,,,https://www.forexfactory.com/calendar/390-uk-bank-holiday
Bank Holiday,CAD,12-25-2025,1:00pm,Holiday,,,https://www.forexfactory.com/calendar/389-ca-bank-holiday
Bank Holiday,USD,12-25-2025,1:00pm,Holiday,,,https://www.forexfactory.com/calendar/370-us-bank-holiday
Bank Holiday,NZD,12-25-2025,8:00pm,Holiday,,,https://www.forexfactory.com/calendar/395-nz-bank-holiday
Bank Holiday,AUD,12-25-2025,9:00pm,Holiday,,,https://www.forexfactory.com/calendar/394-au-bank-holiday
Tokyo Core CPI y/y,JPY,12-25-2025,11:30pm,Low,2.5%,2.8%,https://www.forexfactory.com/calendar/175-jn-tokyo-core-cpi-yy
Unemployment Rate,JPY,12-25-2025,11:30pm,Low,2.6%,2.6%,https://www.forexfactory.com/calendar/63-jn-unemployment-rate
Prelim Industrial Production m/m,JPY,12-25-2025,11:50pm,Low,-1.9%,1.4%,https://www.forexfactory.com/calendar/225-jn-prelim-industrial-production-mm
Retail Sales y/y,JPY,12-25-2025,11:50pm,Low,0.9%,1.7%,https://www.forexfactory.com/calendar/115-jn-retail-sales-yy
Bank Holiday,CHF,12-26-2025,6:00am,Holiday,,,https://www.forexfactory.com/calendar/392-sz-bank-holiday
German Bank Holiday,EUR,12-26-2025,7:02am,Holiday,,,https://www.forexfactory.com/calendar/391-ge-bank-holiday
Italian Bank Holiday,EUR,12-26-2025,7:03am,Holiday,,,https://www.forexfactory.com/calendar/397-it-bank-holiday
Bank Holiday,GBP,12-26-2025,8:00am,Holiday,,,https://www.forexfactory.com/calendar/390-uk-bank-holiday
Bank Holiday,CAD,12-26-2025,1:00pm,Holiday,,,https://www.forexfactory.com/calendar/389-ca-bank-holiday